"0","install.packages(""matlib"")
"
"2","Installing package into ‘/usr/local/lib/R/site-library’
(as ‘lib’ is unspecified)
"
"2","also installing the dependency ‘rgl’

"
"2","trying URL 'https://cloud.r-project.org/src/contrib/rgl_1.0.1.tar.gz'
"
"2","Content type 'application/x-gzip'"
"2"," length 2436433 bytes (2.3 MB)
"
"2","="
"2","="
"2","="
"2","="
"2","="
"2","="
"2","="
"2","="
"2","="
"2","="
"2","="
"2","="
"2","="
"2","="
"2","="
"2","="
"2","="
"2","="
"2","="
"2","="
"2","="
"2","="
"2","="
"2","="
"2","="
"2","="
"2","="
"2","="
"2","="
"2","="
"2","="
"2","="
"2","="
"2","="
"2","="
"2","="
"2","="
"2","="
"2","="
"2","="
"2","="
"2","="
"2","="
"2","="
"2","="
"2","="
"2","="
"2","="
"2","="
"2","="
"2","
"
"2","downloaded 2.3 MB

"
"2","trying URL 'https://cloud.r-project.org/src/contrib/matlib_0.9.6.tar.gz'
"
"2","Content type 'application/x-gzip'"
"2"," length 445660 bytes (435 KB)
"
"2","="
"2","="
"2","="
"2","="
"2","="
"2","="
"2","="
"2","="
"2","="
"2","="
"2","="
"2","="
"2","="
"2","="
"2","="
"2","="
"2","="
"2","="
"2","="
"2","="
"2","="
"2","="
"2","="
"2","="
"2","="
"2","="
"2","="
"2","="
"2","="
"2","="
"2","="
"2","="
"2","="
"2","="
"2","="
"2","="
"2","="
"2","="
"2","="
"2","="
"2","="
"2","="
"2","="
"2","="
"2","="
"2","="
"2","="
"2","="
"2","="
"2","="
"2","
"
"2","downloaded 435 KB

"
"2","* installing *source* package ‘rgl’ ...
"
"2","** package ‘rgl’ successfully unpacked and MD5 sums checked
"
"2","** using staged installation
"
"1","checking for gcc... gcc
"
"1","checking whether the C compiler works... "
"1","yes
checking for C compiler default output file name... "
"1","a.out
"
"1","checking for suffix of executables... "
"1","
"
"1","checking whether we are cross compiling... "
"1","no
"
"1","checking for suffix of object files... "
"1","o
checking whether we are using the GNU C compiler... "
"1","yes
"
"1","checking whether gcc accepts -g... "
"1","yes
"
"1","checking for gcc option to accept ISO C89... "
"1","none needed
"
"1","checking how to run the C preprocessor... "
"1","gcc -E
"
"1","checking for gcc... (cached) "
"1","gcc
"
"1","checking whether we are using the GNU C compiler... (cached) "
"1","yes
checking whether gcc accepts -g... (cached) yes
"
"1","checking for gcc option to accept ISO C89... (cached) "
"1","none needed
"
"1","checking for libpng-config... "
"1","yes
"
"1","configure: using libpng-config
"
"1","configure: using libpng dynamic linkage
"
"1","checking for X... "
"1","libraries , headers 
"
"1","checking for XAllocClassHint... "
"1","yes
"
"1","checking GL/gl.h usability... "
"1","yes
checking GL/gl.h presence... "
"1","yes
checking for GL/gl.h... "
"1","yes
"
"1","checking GL/glu.h usability... "
"1","yes
"
"1","checking GL/glu.h presence... "
"1","yes
checking for GL/glu.h... "
"1","yes
"
"1","checking for glEnd in -lGL... "
"1","yes
"
"1","checking for glEnd... "
"1","yes
"
"1","checking for gluErrorString in -lGLU... "
"1","yes
"
"1","checking for gluErrorString... "
"1","yes
"
"1","checking for pkg-config... "
"1","yes
"
"1","configure: using Freetype and FTGL
"
"1","configure: creating ./config.status
"
"1","config.status: creating R/noOpenGL.R
"
"1","config.status: creating src/useNULL/Makevars
"
"1","config.status: creating src/Makevars
"
"2","** libs
"
"1","g++ -std=gnu++11 -I""/usr/share/R/include"" -DNDEBUG -DHAVE_PNG_H -I/usr/include/libpng16 -DHAVE_FREETYPE -Iext/ftgl -I/usr/include/freetype2 -I/usr/include/libpng16 -Iext     -fpic  -g -O2 -ffile-prefix-map=/build/r-base-Faorqz/r-base-4.2.2.20221110=. -fstack-protector-strong -Wformat -Werror=format-security -Wdate-time -D_FORTIFY_SOURCE=2  -c ABCLineSet.cpp -o ABCLineSet.o
"
"1","g++ -std=gnu++11 -I""/usr/share/R/include"" -DNDEBUG -DHAVE_PNG_H -I/usr/include/libpng16 -DHAVE_FREETYPE -Iext/ftgl -I/usr/include/freetype2 -I/usr/include/libpng16 -Iext     -fpic  -g -O2 -ffile-prefix-map=/build/r-base-Faorqz/r-base-4.2.2.20221110=. -fstack-protector-strong -Wformat -Werror=format-security -Wdate-time -D_FORTIFY_SOURCE=2  -c BBoxDeco.cpp -o BBoxDeco.o
"
"1","g++ -std=gnu++11 -I""/usr/share/R/include"" -DNDEBUG -DHAVE_PNG_H -I/usr/include/libpng16 -DHAVE_FREETYPE -Iext/ftgl -I/usr/include/freetype2 -I/usr/include/libpng16 -Iext     -fpic  -g -O2 -ffile-prefix-map=/build/r-base-Faorqz/r-base-4.2.2.20221110=. -fstack-protector-strong -Wformat -Werror=format-security -Wdate-time -D_FORTIFY_SOURCE=2  -c Background.cpp -o Background.o
"
"1","g++ -std=gnu++11 -I""/usr/share/R/include"" -DNDEBUG -DHAVE_PNG_H -I/usr/include/libpng16 -DHAVE_FREETYPE -Iext/ftgl -I/usr/include/freetype2 -I/usr/include/libpng16 -Iext     -fpic  -g -O2 -ffile-prefix-map=/build/r-base-Faorqz/r-base-4.2.2.20221110=. -fstack-protector-strong -Wformat -Werror=format-security -Wdate-time -D_FORTIFY_SOURCE=2  -c ClipPlane.cpp -o ClipPlane.o
"
"1","g++ -std=gnu++11 -I""/usr/share/R/include"" -DNDEBUG -DHAVE_PNG_H -I/usr/include/libpng16 -DHAVE_FREETYPE -Iext/ftgl -I/usr/include/freetype2 -I/usr/include/libpng16 -Iext     -fpic  -g -O2 -ffile-prefix-map=/build/r-base-Faorqz/r-base-4.2.2.20221110=. -fstack-protector-strong -Wformat -Werror=format-security -Wdate-time -D_FORTIFY_SOURCE=2  -c Color.cpp -o Color.o
"
"1","g++ -std=gnu++11 -I""/usr/share/R/include"" -DNDEBUG -DHAVE_PNG_H -I/usr/include/libpng16 -DHAVE_FREETYPE -Iext/ftgl -I/usr/include/freetype2 -I/usr/include/libpng16 -Iext     -fpic  -g -O2 -ffile-prefix-map=/build/r-base-Faorqz/r-base-4.2.2.20221110=. -fstack-protector-strong -Wformat -Werror=format-security -Wdate-time -D_FORTIFY_SOURCE=2  -c Disposable.cpp -o Disposable.o
"
"1","g++ -std=gnu++11 -I""/usr/share/R/include"" -DNDEBUG -DHAVE_PNG_H -I/usr/include/libpng16 -DHAVE_FREETYPE -Iext/ftgl -I/usr/include/freetype2 -I/usr/include/libpng16 -Iext     -fpic  -g -O2 -ffile-prefix-map=/build/r-base-Faorqz/r-base-4.2.2.20221110=. -fstack-protector-strong -Wformat -Werror=format-security -Wdate-time -D_FORTIFY_SOURCE=2  -c Light.cpp -o Light.o
"
"1","g++ -std=gnu++11 -I""/usr/share/R/include"" -DNDEBUG -DHAVE_PNG_H -I/usr/include/libpng16 -DHAVE_FREETYPE -Iext/ftgl -I/usr/include/freetype2 -I/usr/include/libpng16 -Iext     -fpic  -g -O2 -ffile-prefix-map=/build/r-base-Faorqz/r-base-4.2.2.20221110=. -fstack-protector-strong -Wformat -Werror=format-security -Wdate-time -D_FORTIFY_SOURCE=2  -c LineSet.cpp -o LineSet.o
"
"1","g++ -std=gnu++11 -I""/usr/share/R/include"" -DNDEBUG -DHAVE_PNG_H -I/usr/include/libpng16 -DHAVE_FREETYPE -Iext/ftgl -I/usr/include/freetype2 -I/usr/include/libpng16 -Iext     -fpic  -g -O2 -ffile-prefix-map=/build/r-base-Faorqz/r-base-4.2.2.20221110=. -fstack-protector-strong -Wformat -Werror=format-security -Wdate-time -D_FORTIFY_SOURCE=2  -c LineStripSet.cpp -o LineStripSet.o
"
"1","g++ -std=gnu++11 -I""/usr/share/R/include"" -DNDEBUG -DHAVE_PNG_H -I/usr/include/libpng16 -DHAVE_FREETYPE -Iext/ftgl -I/usr/include/freetype2 -I/usr/include/libpng16 -Iext     -fpic  -g -O2 -ffile-prefix-map=/build/r-base-Faorqz/r-base-4.2.2.20221110=. -fstack-protector-strong -Wformat -Werror=format-security -Wdate-time -D_FORTIFY_SOURCE=2  -c Material.cpp -o Material.o
"
"1","g++ -std=gnu++11 -I""/usr/share/R/include"" -DNDEBUG -DHAVE_PNG_H -I/usr/include/libpng16 -DHAVE_FREETYPE -Iext/ftgl -I/usr/include/freetype2 -I/usr/include/libpng16 -Iext     -fpic  -g -O2 -ffile-prefix-map=/build/r-base-Faorqz/r-base-4.2.2.20221110=. -fstack-protector-strong -Wformat -Werror=format-security -Wdate-time -D_FORTIFY_SOURCE=2  -c NULLgui.cpp -o NULLgui.o
"
"1","g++ -std=gnu++11 -I""/usr/share/R/include"" -DNDEBUG -DHAVE_PNG_H -I/usr/include/libpng16 -DHAVE_FREETYPE -Iext/ftgl -I/usr/include/freetype2 -I/usr/include/libpng16 -Iext     -fpic  -g -O2 -ffile-prefix-map=/build/r-base-Faorqz/r-base-4.2.2.20221110=. -fstack-protector-strong -Wformat -Werror=format-security -Wdate-time -D_FORTIFY_SOURCE=2  -c PlaneSet.cpp -o PlaneSet.o
"
"1","g++ -std=gnu++11 -I""/usr/share/R/include"" -DNDEBUG -DHAVE_PNG_H -I/usr/include/libpng16 -DHAVE_FREETYPE -Iext/ftgl -I/usr/include/freetype2 -I/usr/include/libpng16 -Iext     -fpic  -g -O2 -ffile-prefix-map=/build/r-base-Faorqz/r-base-4.2.2.20221110=. -fstack-protector-strong -Wformat -Werror=format-security -Wdate-time -D_FORTIFY_SOURCE=2  -c PointSet.cpp -o PointSet.o
"
"1","g++ -std=gnu++11 -I""/usr/share/R/include"" -DNDEBUG -DHAVE_PNG_H -I/usr/include/libpng16 -DHAVE_FREETYPE -Iext/ftgl -I/usr/include/freetype2 -I/usr/include/libpng16 -Iext     -fpic  -g -O2 -ffile-prefix-map=/build/r-base-Faorqz/r-base-4.2.2.20221110=. -fstack-protector-strong -Wformat -Werror=format-security -Wdate-time -D_FORTIFY_SOURCE=2  -c PrimitiveSet.cpp -o PrimitiveSet.o
"
"1","g++ -std=gnu++11 -I""/usr/share/R/include"" -DNDEBUG -DHAVE_PNG_H -I/usr/include/libpng16 -DHAVE_FREETYPE -Iext/ftgl -I/usr/include/freetype2 -I/usr/include/libpng16 -Iext     -fpic  -g -O2 -ffile-prefix-map=/build/r-base-Faorqz/r-base-4.2.2.20221110=. -fstack-protector-strong -Wformat -Werror=format-security -Wdate-time -D_FORTIFY_SOURCE=2  -c RenderContext.cpp -o RenderContext.o
"
"1","g++ -std=gnu++11 -I""/usr/share/R/include"" -DNDEBUG -DHAVE_PNG_H -I/usr/include/libpng16 -DHAVE_FREETYPE -Iext/ftgl -I/usr/include/freetype2 -I/usr/include/libpng16 -Iext     -fpic  -g -O2 -ffile-prefix-map=/build/r-base-Faorqz/r-base-4.2.2.20221110=. -fstack-protector-strong -Wformat -Werror=format-security -Wdate-time -D_FORTIFY_SOURCE=2  -c Shape.cpp -o Shape.o
"
"1","g++ -std=gnu++11 -I""/usr/share/R/include"" -DNDEBUG -DHAVE_PNG_H -I/usr/include/libpng16 -DHAVE_FREETYPE -Iext/ftgl -I/usr/include/freetype2 -I/usr/include/libpng16 -Iext     -fpic  -g -O2 -ffile-prefix-map=/build/r-base-Faorqz/r-base-4.2.2.20221110=. -fstack-protector-strong -Wformat -Werror=format-security -Wdate-time -D_FORTIFY_SOURCE=2  -c SphereMesh.cpp -o SphereMesh.o
"
"1","g++ -std=gnu++11 -I""/usr/share/R/include"" -DNDEBUG -DHAVE_PNG_H -I/usr/include/libpng16 -DHAVE_FREETYPE -Iext/ftgl -I/usr/include/freetype2 -I/usr/include/libpng16 -Iext     -fpic  -g -O2 -ffile-prefix-map=/build/r-base-Faorqz/r-base-4.2.2.20221110=. -fstack-protector-strong -Wformat -Werror=format-security -Wdate-time -D_FORTIFY_SOURCE=2  -c SphereSet.cpp -o SphereSet.o
"
"1","g++ -std=gnu++11 -I""/usr/share/R/include"" -DNDEBUG -DHAVE_PNG_H -I/usr/include/libpng16 -DHAVE_FREETYPE -Iext/ftgl -I/usr/include/freetype2 -I/usr/include/libpng16 -Iext     -fpic  -g -O2 -ffile-prefix-map=/build/r-base-Faorqz/r-base-4.2.2.20221110=. -fstack-protector-strong -Wformat -Werror=format-security -Wdate-time -D_FORTIFY_SOURCE=2  -c SpriteSet.cpp -o SpriteSet.o
"
"1","g++ -std=gnu++11 -I""/usr/share/R/include"" -DNDEBUG -DHAVE_PNG_H -I/usr/include/libpng16 -DHAVE_FREETYPE -Iext/ftgl -I/usr/include/freetype2 -I/usr/include/libpng16 -Iext     -fpic  -g -O2 -ffile-prefix-map=/build/r-base-Faorqz/r-base-4.2.2.20221110=. -fstack-protector-strong -Wformat -Werror=format-security -Wdate-time -D_FORTIFY_SOURCE=2  -c String.cpp -o String.o
"
"1","g++ -std=gnu++11 -I""/usr/share/R/include"" -DNDEBUG -DHAVE_PNG_H -I/usr/include/libpng16 -DHAVE_FREETYPE -Iext/ftgl -I/usr/include/freetype2 -I/usr/include/libpng16 -Iext     -fpic  -g -O2 -ffile-prefix-map=/build/r-base-Faorqz/r-base-4.2.2.20221110=. -fstack-protector-strong -Wformat -Werror=format-security -Wdate-time -D_FORTIFY_SOURCE=2  -c Surface.cpp -o Surface.o
"
"1","g++ -std=gnu++11 -I""/usr/share/R/include"" -DNDEBUG -DHAVE_PNG_H -I/usr/include/libpng16 -DHAVE_FREETYPE -Iext/ftgl -I/usr/include/freetype2 -I/usr/include/libpng16 -Iext     -fpic  -g -O2 -ffile-prefix-map=/build/r-base-Faorqz/r-base-4.2.2.20221110=. -fstack-protector-strong -Wformat -Werror=format-security -Wdate-time -D_FORTIFY_SOURCE=2  -c TextSet.cpp -o TextSet.o
"
"1","g++ -std=gnu++11 -I""/usr/share/R/include"" -DNDEBUG -DHAVE_PNG_H -I/usr/include/libpng16 -DHAVE_FREETYPE -Iext/ftgl -I/usr/include/freetype2 -I/usr/include/libpng16 -Iext     -fpic  -g -O2 -ffile-prefix-map=/build/r-base-Faorqz/r-base-4.2.2.20221110=. -fstack-protector-strong -Wformat -Werror=format-security -Wdate-time -D_FORTIFY_SOURCE=2  -c Texture.cpp -o Texture.o
"
"1","g++ -std=gnu++11 -I""/usr/share/R/include"" -DNDEBUG -DHAVE_PNG_H -I/usr/include/libpng16 -DHAVE_FREETYPE -Iext/ftgl -I/usr/include/freetype2 -I/usr/include/libpng16 -Iext     -fpic  -g -O2 -ffile-prefix-map=/build/r-base-Faorqz/r-base-4.2.2.20221110=. -fstack-protector-strong -Wformat -Werror=format-security -Wdate-time -D_FORTIFY_SOURCE=2  -c Viewpoint.cpp -o Viewpoint.o
"
"1","g++ -std=gnu++11 -I""/usr/share/R/include"" -DNDEBUG -DHAVE_PNG_H -I/usr/include/libpng16 -DHAVE_FREETYPE -Iext/ftgl -I/usr/include/freetype2 -I/usr/include/libpng16 -Iext     -fpic  -g -O2 -ffile-prefix-map=/build/r-base-Faorqz/r-base-4.2.2.20221110=. -fstack-protector-strong -Wformat -Werror=format-security -Wdate-time -D_FORTIFY_SOURCE=2  -c api.cpp -o api.o
"
"1","g++ -std=gnu++11 -I""/usr/share/R/include"" -DNDEBUG -DHAVE_PNG_H -I/usr/include/libpng16 -DHAVE_FREETYPE -Iext/ftgl -I/usr/include/freetype2 -I/usr/include/libpng16 -Iext     -fpic  -g -O2 -ffile-prefix-map=/build/r-base-Faorqz/r-base-4.2.2.20221110=. -fstack-protector-strong -Wformat -Werror=format-security -Wdate-time -D_FORTIFY_SOURCE=2  -c assert.cpp -o assert.o
"
"1","g++ -std=gnu++11 -I""/usr/share/R/include"" -DNDEBUG -DHAVE_PNG_H -I/usr/include/libpng16 -DHAVE_FREETYPE -Iext/ftgl -I/usr/include/freetype2 -I/usr/include/libpng16 -Iext     -fpic  -g -O2 -ffile-prefix-map=/build/r-base-Faorqz/r-base-4.2.2.20221110=. -fstack-protector-strong -Wformat -Werror=format-security -Wdate-time -D_FORTIFY_SOURCE=2  -c callbacks.cpp -o callbacks.o
"
"1","g++ -std=gnu++11 -I""/usr/share/R/include"" -DNDEBUG -DHAVE_PNG_H -I/usr/include/libpng16 -DHAVE_FREETYPE -Iext/ftgl -I/usr/include/freetype2 -I/usr/include/libpng16 -Iext     -fpic  -g -O2 -ffile-prefix-map=/build/r-base-Faorqz/r-base-4.2.2.20221110=. -fstack-protector-strong -Wformat -Werror=format-security -Wdate-time -D_FORTIFY_SOURCE=2  -c device.cpp -o device.o
"
"1","g++ -std=gnu++11 -I""/usr/share/R/include"" -DNDEBUG -DHAVE_PNG_H -I/usr/include/libpng16 -DHAVE_FREETYPE -Iext/ftgl -I/usr/include/freetype2 -I/usr/include/libpng16 -Iext     -fpic  -g -O2 -ffile-prefix-map=/build/r-base-Faorqz/r-base-4.2.2.20221110=. -fstack-protector-strong -Wformat -Werror=format-security -Wdate-time -D_FORTIFY_SOURCE=2  -c devicemanager.cpp -o devicemanager.o
"
"1","g++ -std=gnu++11 -I""/usr/share/R/include"" -DNDEBUG -DHAVE_PNG_H -I/usr/include/libpng16 -DHAVE_FREETYPE -Iext/ftgl -I/usr/include/freetype2 -I/usr/include/libpng16 -Iext     -fpic  -g -O2 -ffile-prefix-map=/build/r-base-Faorqz/r-base-4.2.2.20221110=. -fstack-protector-strong -Wformat -Werror=format-security -Wdate-time -D_FORTIFY_SOURCE=2  -c fps.cpp -o fps.o
"
"1","g++ -std=gnu++11 -I""/usr/share/R/include"" -DNDEBUG -DHAVE_PNG_H -I/usr/include/libpng16 -DHAVE_FREETYPE -Iext/ftgl -I/usr/include/freetype2 -I/usr/include/libpng16 -Iext     -fpic  -g -O2 -ffile-prefix-map=/build/r-base-Faorqz/r-base-4.2.2.20221110=. -fstack-protector-strong -Wformat -Werror=format-security -Wdate-time -D_FORTIFY_SOURCE=2  -c ftgl.cpp -o ftgl.o
"
"1","g++ -std=gnu++11 -I""/usr/share/R/include"" -DNDEBUG -DHAVE_PNG_H -I/usr/include/libpng16 -DHAVE_FREETYPE -Iext/ftgl -I/usr/include/freetype2 -I/usr/include/libpng16 -Iext     -fpic  -g -O2 -ffile-prefix-map=/build/r-base-Faorqz/r-base-4.2.2.20221110=. -fstack-protector-strong -Wformat -Werror=format-security -Wdate-time -D_FORTIFY_SOURCE=2  -c geom.cpp -o geom.o
"
"1","gcc -I""/usr/share/R/include"" -DNDEBUG -DHAVE_PNG_H -I/usr/include/libpng16 -DHAVE_FREETYPE -Iext/ftgl -I/usr/include/freetype2 -I/usr/include/libpng16 -Iext    -fvisibility=hidden -fpic  -g -O2 -ffile-prefix-map=/build/r-base-Faorqz/r-base-4.2.2.20221110=. -fstack-protector-strong -Wformat -Werror=format-security -Wdate-time -D_FORTIFY_SOURCE=2  -c gl2ps.c -o gl2ps.o
"
"1","g++ -std=gnu++11 -I""/usr/share/R/include"" -DNDEBUG -DHAVE_PNG_H -I/usr/include/libpng16 -DHAVE_FREETYPE -Iext/ftgl -I/usr/include/freetype2 -I/usr/include/libpng16 -Iext     -fpic  -g -O2 -ffile-prefix-map=/build/r-base-Faorqz/r-base-4.2.2.20221110=. -fstack-protector-strong -Wformat -Werror=format-security -Wdate-time -D_FORTIFY_SOURCE=2  -c glErrors.cpp -o glErrors.o
"
"1","g++ -std=gnu++11 -I""/usr/share/R/include"" -DNDEBUG -DHAVE_PNG_H -I/usr/include/libpng16 -DHAVE_FREETYPE -Iext/ftgl -I/usr/include/freetype2 -I/usr/include/libpng16 -Iext     -fpic  -g -O2 -ffile-prefix-map=/build/r-base-Faorqz/r-base-4.2.2.20221110=. -fstack-protector-strong -Wformat -Werror=format-security -Wdate-time -D_FORTIFY_SOURCE=2  -c glgui.cpp -o glgui.o
"
"1","g++ -std=gnu++11 -I""/usr/share/R/include"" -DNDEBUG -DHAVE_PNG_H -I/usr/include/libpng16 -DHAVE_FREETYPE -Iext/ftgl -I/usr/include/freetype2 -I/usr/include/libpng16 -Iext     -fpic  -g -O2 -ffile-prefix-map=/build/r-base-Faorqz/r-base-4.2.2.20221110=. -fstack-protector-strong -Wformat -Werror=format-security -Wdate-time -D_FORTIFY_SOURCE=2  -c gui.cpp -o gui.o
"
"1","g++ -std=gnu++11 -I""/usr/share/R/include"" -DNDEBUG -DHAVE_PNG_H -I/usr/include/libpng16 -DHAVE_FREETYPE -Iext/ftgl -I/usr/include/freetype2 -I/usr/include/libpng16 -Iext     -fpic  -g -O2 -ffile-prefix-map=/build/r-base-Faorqz/r-base-4.2.2.20221110=. -fstack-protector-strong -Wformat -Werror=format-security -Wdate-time -D_FORTIFY_SOURCE=2  -c init.cpp -o init.o
"
"1","g++ -std=gnu++11 -I""/usr/share/R/include"" -DNDEBUG -DHAVE_PNG_H -I/usr/include/libpng16 -DHAVE_FREETYPE -Iext/ftgl -I/usr/include/freetype2 -I/usr/include/libpng16 -Iext     -fpic  -g -O2 -ffile-prefix-map=/build/r-base-Faorqz/r-base-4.2.2.20221110=. -fstack-protector-strong -Wformat -Werror=format-security -Wdate-time -D_FORTIFY_SOURCE=2  -c par3d.cpp -o par3d.o
"
"1","g++ -std=gnu++11 -I""/usr/share/R/include"" -DNDEBUG -DHAVE_PNG_H -I/usr/include/libpng16 -DHAVE_FREETYPE -Iext/ftgl -I/usr/include/freetype2 -I/usr/include/libpng16 -Iext     -fpic  -g -O2 -ffile-prefix-map=/build/r-base-Faorqz/r-base-4.2.2.20221110=. -fstack-protector-strong -Wformat -Werror=format-security -Wdate-time -D_FORTIFY_SOURCE=2  -c pixmap.cpp -o pixmap.o
"
"1","g++ -std=gnu++11 -I""/usr/share/R/include"" -DNDEBUG -DHAVE_PNG_H -I/usr/include/libpng16 -DHAVE_FREETYPE -Iext/ftgl -I/usr/include/freetype2 -I/usr/include/libpng16 -Iext     -fpic  -g -O2 -ffile-prefix-map=/build/r-base-Faorqz/r-base-4.2.2.20221110=. -fstack-protector-strong -Wformat -Werror=format-security -Wdate-time -D_FORTIFY_SOURCE=2  -c platform.cpp -o platform.o
"
"1","gcc -I""/usr/share/R/include"" -DNDEBUG -DHAVE_PNG_H -I/usr/include/libpng16 -DHAVE_FREETYPE -Iext/ftgl -I/usr/include/freetype2 -I/usr/include/libpng16 -Iext    -fvisibility=hidden -fpic  -g -O2 -ffile-prefix-map=/build/r-base-Faorqz/r-base-4.2.2.20221110=. -fstack-protector-strong -Wformat -Werror=format-security -Wdate-time -D_FORTIFY_SOURCE=2  -c pretty.c -o pretty.o
"
"1","g++ -std=gnu++11 -I""/usr/share/R/include"" -DNDEBUG -DHAVE_PNG_H -I/usr/include/libpng16 -DHAVE_FREETYPE -Iext/ftgl -I/usr/include/freetype2 -I/usr/include/libpng16 -Iext     -fpic  -g -O2 -ffile-prefix-map=/build/r-base-Faorqz/r-base-4.2.2.20221110=. -fstack-protector-strong -Wformat -Werror=format-security -Wdate-time -D_FORTIFY_SOURCE=2  -c render.cpp -o render.o
"
"1","g++ -std=gnu++11 -I""/usr/share/R/include"" -DNDEBUG -DHAVE_PNG_H -I/usr/include/libpng16 -DHAVE_FREETYPE -Iext/ftgl -I/usr/include/freetype2 -I/usr/include/libpng16 -Iext     -fpic  -g -O2 -ffile-prefix-map=/build/r-base-Faorqz/r-base-4.2.2.20221110=. -fstack-protector-strong -Wformat -Werror=format-security -Wdate-time -D_FORTIFY_SOURCE=2  -c rglmath.cpp -o rglmath.o
"
"1","g++ -std=gnu++11 -I""/usr/share/R/include"" -DNDEBUG -DHAVE_PNG_H -I/usr/include/libpng16 -DHAVE_FREETYPE -Iext/ftgl -I/usr/include/freetype2 -I/usr/include/libpng16 -Iext     -fpic  -g -O2 -ffile-prefix-map=/build/r-base-Faorqz/r-base-4.2.2.20221110=. -fstack-protector-strong -Wformat -Werror=format-security -Wdate-time -D_FORTIFY_SOURCE=2  -c rglview.cpp -o rglview.o
"
"1","g++ -std=gnu++11 -I""/usr/share/R/include"" -DNDEBUG -DHAVE_PNG_H -I/usr/include/libpng16 -DHAVE_FREETYPE -Iext/ftgl -I/usr/include/freetype2 -I/usr/include/libpng16 -Iext     -fpic  -g -O2 -ffile-prefix-map=/build/r-base-Faorqz/r-base-4.2.2.20221110=. -fstack-protector-strong -Wformat -Werror=format-security -Wdate-time -D_FORTIFY_SOURCE=2  -c scene.cpp -o scene.o
"
"1","g++ -std=gnu++11 -I""/usr/share/R/include"" -DNDEBUG -DHAVE_PNG_H -I/usr/include/libpng16 -DHAVE_FREETYPE -Iext/ftgl -I/usr/include/freetype2 -I/usr/include/libpng16 -Iext     -fpic  -g -O2 -ffile-prefix-map=/build/r-base-Faorqz/r-base-4.2.2.20221110=. -fstack-protector-strong -Wformat -Werror=format-security -Wdate-time -D_FORTIFY_SOURCE=2  -c select.cpp -o select.o
"
"1","g++ -std=gnu++11 -I""/usr/share/R/include"" -DNDEBUG -DHAVE_PNG_H -I/usr/include/libpng16 -DHAVE_FREETYPE -Iext/ftgl -I/usr/include/freetype2 -I/usr/include/libpng16 -Iext     -fpic  -g -O2 -ffile-prefix-map=/build/r-base-Faorqz/r-base-4.2.2.20221110=. -fstack-protector-strong -Wformat -Werror=format-security -Wdate-time -D_FORTIFY_SOURCE=2  -c subscene.cpp -o subscene.o
"
"1","g++ -std=gnu++11 -I""/usr/share/R/include"" -DNDEBUG -DHAVE_PNG_H -I/usr/include/libpng16 -DHAVE_FREETYPE -Iext/ftgl -I/usr/include/freetype2 -I/usr/include/libpng16 -Iext     -fpic  -g -O2 -ffile-prefix-map=/build/r-base-Faorqz/r-base-4.2.2.20221110=. -fstack-protector-strong -Wformat -Werror=format-security -Wdate-time -D_FORTIFY_SOURCE=2  -c win32gui.cpp -o win32gui.o
"
"1","g++ -std=gnu++11 -I""/usr/share/R/include"" -DNDEBUG -DHAVE_PNG_H -I/usr/include/libpng16 -DHAVE_FREETYPE -Iext/ftgl -I/usr/include/freetype2 -I/usr/include/libpng16 -Iext     -fpic  -g -O2 -ffile-prefix-map=/build/r-base-Faorqz/r-base-4.2.2.20221110=. -fstack-protector-strong -Wformat -Werror=format-security -Wdate-time -D_FORTIFY_SOURCE=2  -c win32lib.cpp -o win32lib.o
"
"1","g++ -std=gnu++11 -I""/usr/share/R/include"" -DNDEBUG -DHAVE_PNG_H -I/usr/include/libpng16 -DHAVE_FREETYPE -Iext/ftgl -I/usr/include/freetype2 -I/usr/include/libpng16 -Iext     -fpic  -g -O2 -ffile-prefix-map=/build/r-base-Faorqz/r-base-4.2.2.20221110=. -fstack-protector-strong -Wformat -Werror=format-security -Wdate-time -D_FORTIFY_SOURCE=2  -c x11gui.cpp -o x11gui.o
"
"1","g++ -std=gnu++11 -I""/usr/share/R/include"" -DNDEBUG -DHAVE_PNG_H -I/usr/include/libpng16 -DHAVE_FREETYPE -Iext/ftgl -I/usr/include/freetype2 -I/usr/include/libpng16 -Iext     -fpic  -g -O2 -ffile-prefix-map=/build/r-base-Faorqz/r-base-4.2.2.20221110=. -fstack-protector-strong -Wformat -Werror=format-security -Wdate-time -D_FORTIFY_SOURCE=2  -c x11lib.cpp -o x11lib.o
"
"1","g++ -std=gnu++11 -shared -L/usr/lib/R/lib -Wl,-Bsymbolic-functions -flto=auto -ffat-lto-objects -flto=auto -Wl,-z,relro -o rgl.so ABCLineSet.o BBoxDeco.o Background.o ClipPlane.o Color.o Disposable.o Light.o LineSet.o LineStripSet.o Material.o NULLgui.o PlaneSet.o PointSet.o PrimitiveSet.o RenderContext.o Shape.o SphereMesh.o SphereSet.o SpriteSet.o String.o Surface.o TextSet.o Texture.o Viewpoint.o api.o assert.o callbacks.o device.o devicemanager.o fps.o ftgl.o geom.o gl2ps.o glErrors.o glgui.o gui.o init.o par3d.o pixmap.o platform.o pretty.o render.o rglmath.o rglview.o scene.o select.o subscene.o win32gui.o win32lib.o x11gui.o x11lib.o -lGLU -lGL -lpng16 -lX11 -lfreetype -lpng16 -lm -lz -lm -lz -lbrotlidec -lbrotlicommon -L/usr/lib/R/lib -lR
"
"1","cp -Rp OpenGL useNULL && \
cp -p *.c *.h *.cpp useNULL/ && \
cd useNULL && \
/usr/lib/R/bin/R CMD SHLIB -o useNULL.so *.cpp *.c && \
cd .. && \
mkdir -p ../inst/useNULL && \
mv useNULL/useNULL.so ../inst/useNULL/rgl.so && \
rm useNULL/*.cpp useNULL/*.c useNULL/*.h useNULL/OpenGL/*
"
"1","make[1]: Entering directory '/tmp/RtmpHrgSA6/R.INSTALL8343660dda6dd/rgl/src/useNULL'
g++ -std=gnu++11 -I""/usr/share/R/include"" -DNDEBUG -DHAVE_PNG_H -I/usr/include/libpng16 -DRGL_NO_OPENGL     -fpic  -g -O2 -ffile-prefix-map=/build/r-base-Faorqz/r-base-4.2.2.20221110=. -fstack-protector-strong -Wformat -Werror=format-security -Wdate-time -D_FORTIFY_SOURCE=2  -c ABCLineSet.cpp -o ABCLineSet.o
"
"1","g++ -std=gnu++11 -I""/usr/share/R/include"" -DNDEBUG -DHAVE_PNG_H -I/usr/include/libpng16 -DRGL_NO_OPENGL     -fpic  -g -O2 -ffile-prefix-map=/build/r-base-Faorqz/r-base-4.2.2.20221110=. -fstack-protector-strong -Wformat -Werror=format-security -Wdate-time -D_FORTIFY_SOURCE=2  -c BBoxDeco.cpp -o BBoxDeco.o
"
"1","g++ -std=gnu++11 -I""/usr/share/R/include"" -DNDEBUG -DHAVE_PNG_H -I/usr/include/libpng16 -DRGL_NO_OPENGL     -fpic  -g -O2 -ffile-prefix-map=/build/r-base-Faorqz/r-base-4.2.2.20221110=. -fstack-protector-strong -Wformat -Werror=format-security -Wdate-time -D_FORTIFY_SOURCE=2  -c Background.cpp -o Background.o
"
"1","g++ -std=gnu++11 -I""/usr/share/R/include"" -DNDEBUG -DHAVE_PNG_H -I/usr/include/libpng16 -DRGL_NO_OPENGL     -fpic  -g -O2 -ffile-prefix-map=/build/r-base-Faorqz/r-base-4.2.2.20221110=. -fstack-protector-strong -Wformat -Werror=format-security -Wdate-time -D_FORTIFY_SOURCE=2  -c ClipPlane.cpp -o ClipPlane.o
"
"1","g++ -std=gnu++11 -I""/usr/share/R/include"" -DNDEBUG -DHAVE_PNG_H -I/usr/include/libpng16 -DRGL_NO_OPENGL     -fpic  -g -O2 -ffile-prefix-map=/build/r-base-Faorqz/r-base-4.2.2.20221110=. -fstack-protector-strong -Wformat -Werror=format-security -Wdate-time -D_FORTIFY_SOURCE=2  -c Color.cpp -o Color.o
"
"1","g++ -std=gnu++11 -I""/usr/share/R/include"" -DNDEBUG -DHAVE_PNG_H -I/usr/include/libpng16 -DRGL_NO_OPENGL     -fpic  -g -O2 -ffile-prefix-map=/build/r-base-Faorqz/r-base-4.2.2.20221110=. -fstack-protector-strong -Wformat -Werror=format-security -Wdate-time -D_FORTIFY_SOURCE=2  -c Disposable.cpp -o Disposable.o
"
"1","g++ -std=gnu++11 -I""/usr/share/R/include"" -DNDEBUG -DHAVE_PNG_H -I/usr/include/libpng16 -DRGL_NO_OPENGL     -fpic  -g -O2 -ffile-prefix-map=/build/r-base-Faorqz/r-base-4.2.2.20221110=. -fstack-protector-strong -Wformat -Werror=format-security -Wdate-time -D_FORTIFY_SOURCE=2  -c Light.cpp -o Light.o
"
"1","g++ -std=gnu++11 -I""/usr/share/R/include"" -DNDEBUG -DHAVE_PNG_H -I/usr/include/libpng16 -DRGL_NO_OPENGL     -fpic  -g -O2 -ffile-prefix-map=/build/r-base-Faorqz/r-base-4.2.2.20221110=. -fstack-protector-strong -Wformat -Werror=format-security -Wdate-time -D_FORTIFY_SOURCE=2  -c LineSet.cpp -o LineSet.o
"
"1","g++ -std=gnu++11 -I""/usr/share/R/include"" -DNDEBUG -DHAVE_PNG_H -I/usr/include/libpng16 -DRGL_NO_OPENGL     -fpic  -g -O2 -ffile-prefix-map=/build/r-base-Faorqz/r-base-4.2.2.20221110=. -fstack-protector-strong -Wformat -Werror=format-security -Wdate-time -D_FORTIFY_SOURCE=2  -c LineStripSet.cpp -o LineStripSet.o
"
"1","g++ -std=gnu++11 -I""/usr/share/R/include"" -DNDEBUG -DHAVE_PNG_H -I/usr/include/libpng16 -DRGL_NO_OPENGL     -fpic  -g -O2 -ffile-prefix-map=/build/r-base-Faorqz/r-base-4.2.2.20221110=. -fstack-protector-strong -Wformat -Werror=format-security -Wdate-time -D_FORTIFY_SOURCE=2  -c Material.cpp -o Material.o
"
"1","g++ -std=gnu++11 -I""/usr/share/R/include"" -DNDEBUG -DHAVE_PNG_H -I/usr/include/libpng16 -DRGL_NO_OPENGL     -fpic  -g -O2 -ffile-prefix-map=/build/r-base-Faorqz/r-base-4.2.2.20221110=. -fstack-protector-strong -Wformat -Werror=format-security -Wdate-time -D_FORTIFY_SOURCE=2  -c NULLgui.cpp -o NULLgui.o
"
"1","g++ -std=gnu++11 -I""/usr/share/R/include"" -DNDEBUG -DHAVE_PNG_H -I/usr/include/libpng16 -DRGL_NO_OPENGL     -fpic  -g -O2 -ffile-prefix-map=/build/r-base-Faorqz/r-base-4.2.2.20221110=. -fstack-protector-strong -Wformat -Werror=format-security -Wdate-time -D_FORTIFY_SOURCE=2  -c PlaneSet.cpp -o PlaneSet.o
"
"1","g++ -std=gnu++11 -I""/usr/share/R/include"" -DNDEBUG -DHAVE_PNG_H -I/usr/include/libpng16 -DRGL_NO_OPENGL     -fpic  -g -O2 -ffile-prefix-map=/build/r-base-Faorqz/r-base-4.2.2.20221110=. -fstack-protector-strong -Wformat -Werror=format-security -Wdate-time -D_FORTIFY_SOURCE=2  -c PointSet.cpp -o PointSet.o
"
"1","g++ -std=gnu++11 -I""/usr/share/R/include"" -DNDEBUG -DHAVE_PNG_H -I/usr/include/libpng16 -DRGL_NO_OPENGL     -fpic  -g -O2 -ffile-prefix-map=/build/r-base-Faorqz/r-base-4.2.2.20221110=. -fstack-protector-strong -Wformat -Werror=format-security -Wdate-time -D_FORTIFY_SOURCE=2  -c PrimitiveSet.cpp -o PrimitiveSet.o
"
"1","g++ -std=gnu++11 -I""/usr/share/R/include"" -DNDEBUG -DHAVE_PNG_H -I/usr/include/libpng16 -DRGL_NO_OPENGL     -fpic  -g -O2 -ffile-prefix-map=/build/r-base-Faorqz/r-base-4.2.2.20221110=. -fstack-protector-strong -Wformat -Werror=format-security -Wdate-time -D_FORTIFY_SOURCE=2  -c RenderContext.cpp -o RenderContext.o
"
"1","g++ -std=gnu++11 -I""/usr/share/R/include"" -DNDEBUG -DHAVE_PNG_H -I/usr/include/libpng16 -DRGL_NO_OPENGL     -fpic  -g -O2 -ffile-prefix-map=/build/r-base-Faorqz/r-base-4.2.2.20221110=. -fstack-protector-strong -Wformat -Werror=format-security -Wdate-time -D_FORTIFY_SOURCE=2  -c Shape.cpp -o Shape.o
"
"1","g++ -std=gnu++11 -I""/usr/share/R/include"" -DNDEBUG -DHAVE_PNG_H -I/usr/include/libpng16 -DRGL_NO_OPENGL     -fpic  -g -O2 -ffile-prefix-map=/build/r-base-Faorqz/r-base-4.2.2.20221110=. -fstack-protector-strong -Wformat -Werror=format-security -Wdate-time -D_FORTIFY_SOURCE=2  -c SphereMesh.cpp -o SphereMesh.o
"
"1","g++ -std=gnu++11 -I""/usr/share/R/include"" -DNDEBUG -DHAVE_PNG_H -I/usr/include/libpng16 -DRGL_NO_OPENGL     -fpic  -g -O2 -ffile-prefix-map=/build/r-base-Faorqz/r-base-4.2.2.20221110=. -fstack-protector-strong -Wformat -Werror=format-security -Wdate-time -D_FORTIFY_SOURCE=2  -c SphereSet.cpp -o SphereSet.o
"
"1","g++ -std=gnu++11 -I""/usr/share/R/include"" -DNDEBUG -DHAVE_PNG_H -I/usr/include/libpng16 -DRGL_NO_OPENGL     -fpic  -g -O2 -ffile-prefix-map=/build/r-base-Faorqz/r-base-4.2.2.20221110=. -fstack-protector-strong -Wformat -Werror=format-security -Wdate-time -D_FORTIFY_SOURCE=2  -c SpriteSet.cpp -o SpriteSet.o
"
"1","g++ -std=gnu++11 -I""/usr/share/R/include"" -DNDEBUG -DHAVE_PNG_H -I/usr/include/libpng16 -DRGL_NO_OPENGL     -fpic  -g -O2 -ffile-prefix-map=/build/r-base-Faorqz/r-base-4.2.2.20221110=. -fstack-protector-strong -Wformat -Werror=format-security -Wdate-time -D_FORTIFY_SOURCE=2  -c String.cpp -o String.o
"
"1","g++ -std=gnu++11 -I""/usr/share/R/include"" -DNDEBUG -DHAVE_PNG_H -I/usr/include/libpng16 -DRGL_NO_OPENGL     -fpic  -g -O2 -ffile-prefix-map=/build/r-base-Faorqz/r-base-4.2.2.20221110=. -fstack-protector-strong -Wformat -Werror=format-security -Wdate-time -D_FORTIFY_SOURCE=2  -c Surface.cpp -o Surface.o
"
"1","g++ -std=gnu++11 -I""/usr/share/R/include"" -DNDEBUG -DHAVE_PNG_H -I/usr/include/libpng16 -DRGL_NO_OPENGL     -fpic  -g -O2 -ffile-prefix-map=/build/r-base-Faorqz/r-base-4.2.2.20221110=. -fstack-protector-strong -Wformat -Werror=format-security -Wdate-time -D_FORTIFY_SOURCE=2  -c TextSet.cpp -o TextSet.o
"
"1","g++ -std=gnu++11 -I""/usr/share/R/include"" -DNDEBUG -DHAVE_PNG_H -I/usr/include/libpng16 -DRGL_NO_OPENGL     -fpic  -g -O2 -ffile-prefix-map=/build/r-base-Faorqz/r-base-4.2.2.20221110=. -fstack-protector-strong -Wformat -Werror=format-security -Wdate-time -D_FORTIFY_SOURCE=2  -c Texture.cpp -o Texture.o
"
"1","g++ -std=gnu++11 -I""/usr/share/R/include"" -DNDEBUG -DHAVE_PNG_H -I/usr/include/libpng16 -DRGL_NO_OPENGL     -fpic  -g -O2 -ffile-prefix-map=/build/r-base-Faorqz/r-base-4.2.2.20221110=. -fstack-protector-strong -Wformat -Werror=format-security -Wdate-time -D_FORTIFY_SOURCE=2  -c Viewpoint.cpp -o Viewpoint.o
"
"1","g++ -std=gnu++11 -I""/usr/share/R/include"" -DNDEBUG -DHAVE_PNG_H -I/usr/include/libpng16 -DRGL_NO_OPENGL     -fpic  -g -O2 -ffile-prefix-map=/build/r-base-Faorqz/r-base-4.2.2.20221110=. -fstack-protector-strong -Wformat -Werror=format-security -Wdate-time -D_FORTIFY_SOURCE=2  -c api.cpp -o api.o
"
"1","g++ -std=gnu++11 -I""/usr/share/R/include"" -DNDEBUG -DHAVE_PNG_H -I/usr/include/libpng16 -DRGL_NO_OPENGL     -fpic  -g -O2 -ffile-prefix-map=/build/r-base-Faorqz/r-base-4.2.2.20221110=. -fstack-protector-strong -Wformat -Werror=format-security -Wdate-time -D_FORTIFY_SOURCE=2  -c assert.cpp -o assert.o
"
"1","g++ -std=gnu++11 -I""/usr/share/R/include"" -DNDEBUG -DHAVE_PNG_H -I/usr/include/libpng16 -DRGL_NO_OPENGL     -fpic  -g -O2 -ffile-prefix-map=/build/r-base-Faorqz/r-base-4.2.2.20221110=. -fstack-protector-strong -Wformat -Werror=format-security -Wdate-time -D_FORTIFY_SOURCE=2  -c callbacks.cpp -o callbacks.o
"
"1","g++ -std=gnu++11 -I""/usr/share/R/include"" -DNDEBUG -DHAVE_PNG_H -I/usr/include/libpng16 -DRGL_NO_OPENGL     -fpic  -g -O2 -ffile-prefix-map=/build/r-base-Faorqz/r-base-4.2.2.20221110=. -fstack-protector-strong -Wformat -Werror=format-security -Wdate-time -D_FORTIFY_SOURCE=2  -c device.cpp -o device.o
"
"1","g++ -std=gnu++11 -I""/usr/share/R/include"" -DNDEBUG -DHAVE_PNG_H -I/usr/include/libpng16 -DRGL_NO_OPENGL     -fpic  -g -O2 -ffile-prefix-map=/build/r-base-Faorqz/r-base-4.2.2.20221110=. -fstack-protector-strong -Wformat -Werror=format-security -Wdate-time -D_FORTIFY_SOURCE=2  -c devicemanager.cpp -o devicemanager.o
"
"1","g++ -std=gnu++11 -I""/usr/share/R/include"" -DNDEBUG -DHAVE_PNG_H -I/usr/include/libpng16 -DRGL_NO_OPENGL     -fpic  -g -O2 -ffile-prefix-map=/build/r-base-Faorqz/r-base-4.2.2.20221110=. -fstack-protector-strong -Wformat -Werror=format-security -Wdate-time -D_FORTIFY_SOURCE=2  -c fps.cpp -o fps.o
"
"1","g++ -std=gnu++11 -I""/usr/share/R/include"" -DNDEBUG -DHAVE_PNG_H -I/usr/include/libpng16 -DRGL_NO_OPENGL     -fpic  -g -O2 -ffile-prefix-map=/build/r-base-Faorqz/r-base-4.2.2.20221110=. -fstack-protector-strong -Wformat -Werror=format-security -Wdate-time -D_FORTIFY_SOURCE=2  -c ftgl.cpp -o ftgl.o
"
"1","g++ -std=gnu++11 -I""/usr/share/R/include"" -DNDEBUG -DHAVE_PNG_H -I/usr/include/libpng16 -DRGL_NO_OPENGL     -fpic  -g -O2 -ffile-prefix-map=/build/r-base-Faorqz/r-base-4.2.2.20221110=. -fstack-protector-strong -Wformat -Werror=format-security -Wdate-time -D_FORTIFY_SOURCE=2  -c geom.cpp -o geom.o
"
"1","g++ -std=gnu++11 -I""/usr/share/R/include"" -DNDEBUG -DHAVE_PNG_H -I/usr/include/libpng16 -DRGL_NO_OPENGL     -fpic  -g -O2 -ffile-prefix-map=/build/r-base-Faorqz/r-base-4.2.2.20221110=. -fstack-protector-strong -Wformat -Werror=format-security -Wdate-time -D_FORTIFY_SOURCE=2  -c glErrors.cpp -o glErrors.o
"
"1","g++ -std=gnu++11 -I""/usr/share/R/include"" -DNDEBUG -DHAVE_PNG_H -I/usr/include/libpng16 -DRGL_NO_OPENGL     -fpic  -g -O2 -ffile-prefix-map=/build/r-base-Faorqz/r-base-4.2.2.20221110=. -fstack-protector-strong -Wformat -Werror=format-security -Wdate-time -D_FORTIFY_SOURCE=2  -c glgui.cpp -o glgui.o
"
"1","g++ -std=gnu++11 -I""/usr/share/R/include"" -DNDEBUG -DHAVE_PNG_H -I/usr/include/libpng16 -DRGL_NO_OPENGL     -fpic  -g -O2 -ffile-prefix-map=/build/r-base-Faorqz/r-base-4.2.2.20221110=. -fstack-protector-strong -Wformat -Werror=format-security -Wdate-time -D_FORTIFY_SOURCE=2  -c gui.cpp -o gui.o
"
"1","g++ -std=gnu++11 -I""/usr/share/R/include"" -DNDEBUG -DHAVE_PNG_H -I/usr/include/libpng16 -DRGL_NO_OPENGL     -fpic  -g -O2 -ffile-prefix-map=/build/r-base-Faorqz/r-base-4.2.2.20221110=. -fstack-protector-strong -Wformat -Werror=format-security -Wdate-time -D_FORTIFY_SOURCE=2  -c init.cpp -o init.o
"
"1","g++ -std=gnu++11 -I""/usr/share/R/include"" -DNDEBUG -DHAVE_PNG_H -I/usr/include/libpng16 -DRGL_NO_OPENGL     -fpic  -g -O2 -ffile-prefix-map=/build/r-base-Faorqz/r-base-4.2.2.20221110=. -fstack-protector-strong -Wformat -Werror=format-security -Wdate-time -D_FORTIFY_SOURCE=2  -c par3d.cpp -o par3d.o
"
"1","g++ -std=gnu++11 -I""/usr/share/R/include"" -DNDEBUG -DHAVE_PNG_H -I/usr/include/libpng16 -DRGL_NO_OPENGL     -fpic  -g -O2 -ffile-prefix-map=/build/r-base-Faorqz/r-base-4.2.2.20221110=. -fstack-protector-strong -Wformat -Werror=format-security -Wdate-time -D_FORTIFY_SOURCE=2  -c pixmap.cpp -o pixmap.o
"
"1","g++ -std=gnu++11 -I""/usr/share/R/include"" -DNDEBUG -DHAVE_PNG_H -I/usr/include/libpng16 -DRGL_NO_OPENGL     -fpic  -g -O2 -ffile-prefix-map=/build/r-base-Faorqz/r-base-4.2.2.20221110=. -fstack-protector-strong -Wformat -Werror=format-security -Wdate-time -D_FORTIFY_SOURCE=2  -c platform.cpp -o platform.o
"
"1","g++ -std=gnu++11 -I""/usr/share/R/include"" -DNDEBUG -DHAVE_PNG_H -I/usr/include/libpng16 -DRGL_NO_OPENGL     -fpic  -g -O2 -ffile-prefix-map=/build/r-base-Faorqz/r-base-4.2.2.20221110=. -fstack-protector-strong -Wformat -Werror=format-security -Wdate-time -D_FORTIFY_SOURCE=2  -c render.cpp -o render.o
"
"1","g++ -std=gnu++11 -I""/usr/share/R/include"" -DNDEBUG -DHAVE_PNG_H -I/usr/include/libpng16 -DRGL_NO_OPENGL     -fpic  -g -O2 -ffile-prefix-map=/build/r-base-Faorqz/r-base-4.2.2.20221110=. -fstack-protector-strong -Wformat -Werror=format-security -Wdate-time -D_FORTIFY_SOURCE=2  -c rglmath.cpp -o rglmath.o
"
"1","g++ -std=gnu++11 -I""/usr/share/R/include"" -DNDEBUG -DHAVE_PNG_H -I/usr/include/libpng16 -DRGL_NO_OPENGL     -fpic  -g -O2 -ffile-prefix-map=/build/r-base-Faorqz/r-base-4.2.2.20221110=. -fstack-protector-strong -Wformat -Werror=format-security -Wdate-time -D_FORTIFY_SOURCE=2  -c rglview.cpp -o rglview.o
"
"1","g++ -std=gnu++11 -I""/usr/share/R/include"" -DNDEBUG -DHAVE_PNG_H -I/usr/include/libpng16 -DRGL_NO_OPENGL     -fpic  -g -O2 -ffile-prefix-map=/build/r-base-Faorqz/r-base-4.2.2.20221110=. -fstack-protector-strong -Wformat -Werror=format-security -Wdate-time -D_FORTIFY_SOURCE=2  -c scene.cpp -o scene.o
"
"1","g++ -std=gnu++11 -I""/usr/share/R/include"" -DNDEBUG -DHAVE_PNG_H -I/usr/include/libpng16 -DRGL_NO_OPENGL     -fpic  -g -O2 -ffile-prefix-map=/build/r-base-Faorqz/r-base-4.2.2.20221110=. -fstack-protector-strong -Wformat -Werror=format-security -Wdate-time -D_FORTIFY_SOURCE=2  -c select.cpp -o select.o
"
"1","g++ -std=gnu++11 -I""/usr/share/R/include"" -DNDEBUG -DHAVE_PNG_H -I/usr/include/libpng16 -DRGL_NO_OPENGL     -fpic  -g -O2 -ffile-prefix-map=/build/r-base-Faorqz/r-base-4.2.2.20221110=. -fstack-protector-strong -Wformat -Werror=format-security -Wdate-time -D_FORTIFY_SOURCE=2  -c subscene.cpp -o subscene.o
"
"1","g++ -std=gnu++11 -I""/usr/share/R/include"" -DNDEBUG -DHAVE_PNG_H -I/usr/include/libpng16 -DRGL_NO_OPENGL     -fpic  -g -O2 -ffile-prefix-map=/build/r-base-Faorqz/r-base-4.2.2.20221110=. -fstack-protector-strong -Wformat -Werror=format-security -Wdate-time -D_FORTIFY_SOURCE=2  -c win32gui.cpp -o win32gui.o
"
"1","g++ -std=gnu++11 -I""/usr/share/R/include"" -DNDEBUG -DHAVE_PNG_H -I/usr/include/libpng16 -DRGL_NO_OPENGL     -fpic  -g -O2 -ffile-prefix-map=/build/r-base-Faorqz/r-base-4.2.2.20221110=. -fstack-protector-strong -Wformat -Werror=format-security -Wdate-time -D_FORTIFY_SOURCE=2  -c win32lib.cpp -o win32lib.o
"
"1","g++ -std=gnu++11 -I""/usr/share/R/include"" -DNDEBUG -DHAVE_PNG_H -I/usr/include/libpng16 -DRGL_NO_OPENGL     -fpic  -g -O2 -ffile-prefix-map=/build/r-base-Faorqz/r-base-4.2.2.20221110=. -fstack-protector-strong -Wformat -Werror=format-security -Wdate-time -D_FORTIFY_SOURCE=2  -c x11gui.cpp -o x11gui.o
"
"1","g++ -std=gnu++11 -I""/usr/share/R/include"" -DNDEBUG -DHAVE_PNG_H -I/usr/include/libpng16 -DRGL_NO_OPENGL     -fpic  -g -O2 -ffile-prefix-map=/build/r-base-Faorqz/r-base-4.2.2.20221110=. -fstack-protector-strong -Wformat -Werror=format-security -Wdate-time -D_FORTIFY_SOURCE=2  -c x11lib.cpp -o x11lib.o
"
"1","gcc -I""/usr/share/R/include"" -DNDEBUG -DHAVE_PNG_H -I/usr/include/libpng16 -DRGL_NO_OPENGL    -fvisibility=hidden -fpic  -g -O2 -ffile-prefix-map=/build/r-base-Faorqz/r-base-4.2.2.20221110=. -fstack-protector-strong -Wformat -Werror=format-security -Wdate-time -D_FORTIFY_SOURCE=2  -c gl2ps.c -o gl2ps.o
"
"1","gcc -I""/usr/share/R/include"" -DNDEBUG -DHAVE_PNG_H -I/usr/include/libpng16 -DRGL_NO_OPENGL    -fvisibility=hidden -fpic  -g -O2 -ffile-prefix-map=/build/r-base-Faorqz/r-base-4.2.2.20221110=. -fstack-protector-strong -Wformat -Werror=format-security -Wdate-time -D_FORTIFY_SOURCE=2  -c pretty.c -o pretty.o
"
"1","g++ -std=gnu++11 -shared -L/usr/lib/R/lib -Wl,-Bsymbolic-functions -flto=auto -ffat-lto-objects -flto=auto -Wl,-z,relro -o useNULL.so ABCLineSet.o BBoxDeco.o Background.o ClipPlane.o Color.o Disposable.o Light.o LineSet.o LineStripSet.o Material.o NULLgui.o PlaneSet.o PointSet.o PrimitiveSet.o RenderContext.o Shape.o SphereMesh.o SphereSet.o SpriteSet.o String.o Surface.o TextSet.o Texture.o Viewpoint.o api.o assert.o callbacks.o device.o devicemanager.o fps.o ftgl.o geom.o glErrors.o glgui.o gui.o init.o par3d.o pixmap.o platform.o render.o rglmath.o rglview.o scene.o select.o subscene.o win32gui.o win32lib.o x11gui.o x11lib.o gl2ps.o pretty.o -lpng16 -L/usr/lib/R/lib -lR
"
"1","make[1]: Leaving directory '/tmp/RtmpHrgSA6/R.INSTALL8343660dda6dd/rgl/src/useNULL'
"
"2","installing to /usr/local/lib/R/site-library/00LOCK-rgl/00new/rgl/libs
"
"2","** R
"
"2","** demo
"
"2","** inst
"
"2","** byte-compile and prepare package for lazy loading
"
"2","** help
"
"2","*** installing help indices
"
"2","*** copying figures
"
"2","** building package indices
"
"2","** installing vignettes
"
"2","** testing if installed package can be loaded from temporary location
"
"2","** checking absolute paths in shared objects and dynamic libraries
"
"2","** testing if installed package can be loaded from final location
"
"2","** testing if installed package keeps a record of temporary installation path
"
"2","* DONE (rgl)
"
"2","* installing *source* package ‘matlib’ ...
"
"2","** package ‘matlib’ successfully unpacked and MD5 sums checked
"
"2","** using staged installation
"
"2","** R
"
"2","** data
"
"2","*** moving datasets to lazyload DB
"
"2","** inst
"
"2","** byte-compile and prepare package for lazy loading
"
"2","** help
"
"2","*** installing help indices
"
"2","*** copying figures
"
"2","** building package indices
"
"2","** installing vignettes
"
"2","** testing if installed package can be loaded from temporary location
"
"2","** testing if installed package can be loaded from final location
"
"2","** testing if installed package keeps a record of temporary installation path
"
"2","* DONE (matlib)
"
"2","
"
"2",""
"2","The downloaded source packages are in
	‘/tmp/Rtmpnc9YCV/downloaded_packages’"
"2",""
"2","
"
