"0","library(matlib)"
"2","Registered S3 methods overwritten by 'htmltools':
  method               from         
  print.html           tools:rstudio
  print.shiny.tag      tools:rstudio
  print.shiny.tag.list tools:rstudio
"
"2","Registered S3 method overwritten by 'htmlwidgets':
  method           from         
  print.htmlwidget tools:rstudio
"
"0","library(ggplot2)"
"0","library(rsample)"
"0","library(plotly)"
"2","Registered S3 method overwritten by 'data.table':
  method           from
  print.data.table     
"
"2","
Attaching package: ‘plotly’

"
"2","The following object is masked from ‘package:ggplot2’:

    last_plot

"
"2","The following object is masked from ‘package:stats’:

    filter

"
"2","The following object is masked from ‘package:graphics’:

    layout

"
"0","library(Hmisc)"
"2","Loading required package: lattice
"
"2","Loading required package: survival
"
"2","Loading required package: Formula
"
"2","
Attaching package: ‘Hmisc’

"
"2","The following object is masked from ‘package:plotly’:

    subplot

"
"2","The following objects are masked from ‘package:base’:

    format.pval, units

"
"0","library(tidyr)"
